variable,persistent pollution index,population,food per capita,industrial output,resources_total,persistent pollution index,population,food per capita,industrial output,resources_energy,resources_material
model,Base Model,Base Model,Base Model,Base Model,Base Model,CE & ET Model,CE & ET Model,CE & ET Model,CE & ET Model,CE & ET Model,CE & ET Model
time,,,,,,,,,,,
1900.0,0.18382352941176472,1600000000.0,269.325,66500000000.0,1.0,0.18382352941176472,1600000000.0,269.325,66500000000.0,1.0,1.0
1900.5,0.17848433123249297,1603564734.6401556,272.22079455091045,67836195546.96259,0.9998586875,0.1784852342803724,1603564734.6401556,272.22079455091045,62294528880.29593,0.9998586736801662,0.9998586875
1901.0,0.1744163707149526,1608185777.7384284,274.06967739483326,69039792007.24527,0.9997145355844627,0.17441796179931163,1605454322.8222923,272.6066541573987,63239421410.36054,0.999727950338167,0.9997100577198794
1901.5,0.17131697222539807,1613502287.2128265,275.31952451759554,70381890107.46387,0.9995678260264472,0.17131908752802721,1608127469.823482,272.98617300816665,64247957880.38332,0.9995969194352051,0.9995590934506939
1902.0,0.16895552575716605,1619423299.078801,276.23745854197017,71792448365.08115,0.9994182645099688,0.16895804046419144,1611472550.4049225,273.368965328375,65288747935.07844,0.9994654718940733,0.9994057308605341
1902.5,0.1671569550694985,1625837593.2056484,276.97024996198405,73208462887.29713,0.9992657055571931,0.1671592736632783,1615377140.0197968,273.7555090619152,66359297012.121124,0.9993335664501574,0.9992498905802925
1903.0,0.16578884727066734,1632619131.0688145,277.5867789622891,74630186350.76912,0.9991101375735576,0.16578927761826612,1619898375.3948507,274.12167301016586,67457625032.252785,0.9992011681442156,0.9990914995707935
1903.5,0.16475150966751712,1639669832.86854,278.13712718441093,76050475270.33102,0.9989515484275623,0.16474667730852255,1624966952.5269067,274.4703435469181,68582019558.27482,0.9990682471413717,0.9989304898566297
1904.0,0.16397030517213973,1646909442.829265,278.65183737474933,77452089102.22188,0.9987899411676128,0.16395467497780086,1630472330.7902973,274.8128804857899,69695700162.15065,0.9989347780922023,0.9987667977882064
1904.5,0.16338974820694543,1654265451.8018591,279.1456792747976,78863214619.53236,0.9986253554782706,0.1633552783777663,1636299484.0603857,275.14959363351124,70805057341.79997,0.9988008146000682,0.9986004384573717
1905.0,0.16296895999803643,1661699898.4074252,279.6347209919238,80285004405.4397,0.9984577711472041,0.16290488875193232,1642360310.9370475,275.4836631950574,71912418493.82674,0.9986663964597038,0.9984314232766439
1905.5,0.16267817200706872,1669184893.9669194,280.1288148519383,81718686586.1269,0.9982871655128426,0.1625709252708402,1648586362.9909894,275.8185762272176,72985999979.20583,0.9985315583727683,0.9982597579187878
1906.0,0.1624960348656716,1676700318.894224,280.6340212850415,83165516742.8427,0.998113513303847,0.16232923526906562,1654902823.709101,276.14978573983115,74066043520.12625,0.9983964025105756,0.9980855149193989
1906.5,0.1624075510366352,1684232037.3103595,281.1540735706925,84626749222.45576,0.9979367865807686,0.16216210439288128,1661277687.8448057,276.48448687828665,75150768697.9974,0.9982609445826772,0.9979086897190841
1907.0,0.16240248830730347,1691770511.0063696,281.6912651837251,86103620475.23242,0.9977569547386708,0.16205672566021184,1667685352.473452,276.8267382163163,76241125749.59283,0.998125204163846,0.9977292715682096
1907.5,0.16247416369342232,1699309722.7036626,282.2469896356705,87597339851.27821,0.9975739845451609,0.16200401582612844,1674107017.4260302,277.17924085363944,77338082462.49452,0.9979891989338477,0.9975472472879968
1908.0,0.16261851259375706,1706846339.6604898,282.8220710125073,89109085021.08423,0.9973878401979769,0.1619977029351996,1680529231.9400048,277.543793377752,78442580437.66734,0.9978529446674663,0.9973626013767043
1908.5,0.16283337760015015,1714379064.44257,283.4169681782879,90640000257.83064,0.9971984833923071,0.16203362314894953,1686942712.0390167,277.9194345211387,79555530049.53966,0.9977164553166646,0.9971753160729413
1909.0,0.1631179664704983,1721908131.6327024,284.03190242499136,92191196482.175,0.9970058733917593,0.16210917916584255,1693341225.0659728,278.3069268967354,80677789600.45244,0.9975797431027311,0.9969853714290628
1909.5,0.16347244040454284,1729434918.4117188,284.6669384478113,93763752380.78462,0.9968099670992346,0.1622229235311557,1699721016.5322514,278.7078772347628,81810184753.68213,0.997442818651879,0.9967927454300429
1910.0,0.16389760270856132,1736961644.006084,285.32203661125135,95358716164.68774,0.9966107191254254,0.16237423857565042,1706080321.7312307,279.1232036370842,82953517594.29457,0.9973056910881749,0.9965974140762441
1910.5,0.1643946648094636,1744491138.4721837,285.9970873456523,96977107692.34535,0.9964080818535754,0.16256309085368903,1712418871.333401,279.5533957399717,84108562833.35606,0.9971683681062772,0.9963993514426169
1911.0,0.16496507185944026,1752026665.5462174,286.691934251534,98619920781.94751,0.9962020054997293,0.16278984340738237,1718737510.2907736,279.99867423166955,85274918354.777,0.9970307831877249,0.9961992408687314
1911.5,0.1656103742291012,1759571787.610416,287.4063899361947,100288125600.41246,0.9959924381680676,0.16305511315410096,1725037231.8575249,280.4588144614697,86450263247.63103,0.996892673511551,0.9959989818143061
1912.0,0.1663321343051044,1767113623.4112496,288.14296034351463,101982671056.79285,0.9957793259011668,0.16335966345296082,1731318012.5808318,280.9328771710936,87636596512.36176,0.9967538538976713,0.9957978436676952
1912.5,0.1671318604067631,1774647959.36305,288.9024221831032,103704518296.78532,0.995562612725171,0.16370431400223429,1737581507.3284328,281.42056962570416,88835054483.39008,0.9966141771710094,0.9955953914012665
1913.0,0.1680109614831167,1782178678.7964957,289.73250381073666,105454623782.61182,0.9953422406237904,0.16408985245284302,1743830177.5167959,281.9217511640794,90046245744.94933,0.996473500287682,0.995391535769803
1913.5,0.16897071767619312,1789712149.6827037,290.6255284306505,107234456572.56108,0.9951181495482523,0.16451699821220025,1750066794.2804122,282.43623857801646,91270362493.27861,0.9963316572980291,0.9951864607115795
1914.0,0.1700122629361839,1797254416.0987773,291.55580268617683,109045407742.87187,0.9948902763280356,0.16498639294507053,1756294114.9806306,282.9637268648241,92508523770.11183,0.996188518564286,0.9949797801643515
1914.5,0.17113657668526422,1804810138.2820868,292.509564438484,110888586455.54451,0.994658554836582,0.16549860145664147,1762515372.1186771,283.5040746166317,93761546070.65532,0.9960439752349795,0.9947712385606357
1915.0,0.17234449125053314,1812383111.4610052,293.4796225496306,112764946351.06474,0.994422916590364,0.1660541150439539,1768733982.8976197,284.10536251471837,95030140087.68208,0.9958979324575163,0.99456065098448
1915.5,0.1736367089069533,1819976574.7900612,294.46237852111045,114675356884.63078,0.9941832910793681,0.1666533655046823,1774957579.8842776,284.74288661033074,96315439097.06984,0.9957503051461903,0.9943495748141481
1916.0,0.17501382064604945,1827593398.386064,295.4561796035382,116620643556.87903,0.9939396059459882,0.16729674164648767,1781191806.884592,285.39547164810483,97618407519.0518,0.9956010247651808,0.9941361839485693
1916.5,0.17647632340824942,1835236199.0802448,296.4604129119764,118601610641.05165,0.9936917870784298,0.1679846046000882,1787440531.117406,286.05033108217236,98939767266.02026,0.9954500373913144,0.9939202187203553
1917.0,0.1780246347684228,1842907414.0326462,297.47501013277656,120619054096.78595,0.9934397586558176,0.16871727773124168,1793706456.6594858,286.7085574883336,100279888779.1775,0.9952972891085976,0.993701626219616
1917.5,0.17965910507926888,1850609349.052581,298.49738780445165,122673769000.28206,0.9931834431658619,0.1694950808699771,1799992177.0983505,287.3708456345848,101639176132.76257,0.9951427265694379,0.9934803546102609
1918.0,0.18138002746814003,1858344054.189393,299.52196565354177,124766519265.17523,0.9929227614067363,0.17031835620711955,1806300190.2727382,288.03766348297717,103018030751.12996,0.9949862967758635,0.9932563525681272
1918.5,0.1831876461747805,1866113158.0230978,300.55417136723634,126897999403.91307,0.9926576325532979,0.17118748159690714,1812628596.5633981,288.7100281049073,104416851197.38684,0.994827946959863,0.993029569088051
1919.0,0.18508216367879904,1873918485.0204682,301.59709480746426,129068972592.05714,0.9923879743045646,0.1721028754189922,1818960181.4891717,289.39121318255866,105836041230.69588,0.9946676244821034,0.9927999533250113
1919.5,0.18706374649220678,1881761961.9895592,302.65253308043407,131280244020.19981,0.9921137027378064,0.173064995965256,1825297718.2734678,290.080910641318,107276041955.13536,0.9945052770064374,0.9925674508021193
1920.0,0.18913252903546687,1889645566.1065605,303.721569094817,133532646349.91405,0.9918347322192634,0.17407433745314763,1831643730.4553406,290.7789994811938,108737358860.93642,0.9943408571738304,0.9923319597638506
1920.5,0.1912886172005372,1897571296.3810537,304.80489086809627,135827031946.51067,0.9915509753457699,0.1751314241420763,1838000572.2949405,291.48548271116414,110220401478.1203,0.9941743168995272,0.9920934318325549
1921.0,0.19353209224178763,1905541158.3136406,305.90296725292114,138164268886.45694,0.9912623429028835,0.17623680362091734,1844370413.739843,292.2004090863178,111725585071.0866,0.9940056075534316,0.991851817101361
1921.5,0.1958630151631564,1913557155.967299,307.0161444155804,140545239054.0726,0.9909687438314999,0.17739104054035257,1850755276.2179205,292.9238543977464,113253323819.03296,0.9938346799309783,0.9916070659146711
1922.0,0.19828143155514105,1921621288.1975572,308.1446987188818,142970837385.21646,0.99067008519851,0.17859470995205667,1857157057.3925335,293.65590858942164,114804031845.14606,0.9936614842399034,0.9913591279753978
1922.5,0.2007873767523235,1929735547.2092066,309.2888656969825,145441971733.50162,0.9903662721690664,0.179848390830043,1863577551.1268628,294.39666840127603,116378123936.44246,0.9934859700860886,0.9911079522864046
1923.0,0.20338088116381772,1937901918.4078476,310.44885595493395,147959563068.61905,0.9900572079791327,0.18115266010805692,1870018463.6434555,295.1462331691599,117976016156.85371,0.9933080864590115,0.9908534871372245
1923.5,0.20606197563998577,1946122380.9646864,311.6248639324193,150524545846.9304,0.9897427939076118,0.18250808744622038,1876481426.6892884,295.904702453697,119598159701.95961,0.9931277838335894,0.9905956594310967
1924.0,0.20883069676095858,1954398908.7660735,312.8170727770504,153137868467.0457,0.9894229292476872,0.18391523083480663,1882968022.9993699,296.6721833468856,121322164411.42876,0.9929450192606528,0.9903343447587677
1924.5,0.21168709195710428,1962733471.5617828,314.0256570947894,155800493763.23685,0.9890975112771947,0.18537463306831334,1889513399.182285,297.4687850914374,123453556655.88957,0.9927595778858849,0.9900693954177402
1925.0,0.2146312243946086,1971128036.2064877,315.2507845374511,158513399511.6281,0.9887664352279478,0.18688681936497092,1896276730.08138,298.38461393692705,125614306690.9301,0.992570561038149,0.9898002830997688
1925.5,0.21766317757923173,1979584567.9345732,316.49261674748476,161277578936.19406,0.9884295942539857,0.1884522965735561,1903221028.8870485,299.3687827594313,127810322155.20044,0.9923778745072,0.9895269354838637
1926.0,0.22078305964774142,1988105031.6345048,317.7513099416352,164094041208.1633,0.9880868793987463,0.1900715613712203,1910317870.4290419,300.39500577903885,130043349402.43398,0.9921814125878284,0.9892492587961249
1926.5,0.22399100732969685,1996691393.1040394,319.02701528603984,166963811935.95883,0.9877381795611789,0.1917451541058643,1917544739.358249,301.44951219033953,132314835107.4024,0.9919810668882237,0.9889671398314173
1927.0,0.22728718957258096,2005345620.2763038,320.31987914573835,169887933644.67834,0.9873833814608151,0.19347371100548721,1924884148.5635376,302.5253126580158,134626044207.19026,0.9917767269326748,0.9886804969949305
1927.5,0.23067181083121469,2014069684.4119277,321.6300432541198,172867466245.08676,0.9870223696018201,0.19525800389417716,1932322766.7478259,303.61903679930856,136996938075.99158,0.9915682805147563,0.9883892425434649
1928.0,0.2341451140283609,2022865561.2554493,322.9576448277017,175903487492.57397,0.9866550262360493,0.19709896502595875,1939858129.049982,304.734176898359,139409730685.05746,0.9913555739308578,0.988093242112943
1928.5,0.2377073831978259,2031735232.1560097,324.30281664079524,178997093436.7485,0.9862812313251276,0.1989976974932058,1947481375.819505,305.86778138057554,141864329126.55453,0.9911384921717659,0.9877923958121567
1929.0,0.24135894582450562,2040687039.45761,325.6646730088695,182149398862.41705,0.9859008625015745,0.20095547417651846,1955185599.6147578,307.01819397759203,144361979246.93704,0.990916921290627,0.9874866118602608
1929.5,0.24510017489796931,2049724301.8027318,327.04326894554896,185361522134.5061,0.9855137950289918,0.20297373086607023,1962966001.357778,308.1847852302323,146903877719.12946,0.9906907455289117,0.9871757944310557
1930.0,0.24893149069753404,2058848904.6954303,328.4388412071968,188634600446.9713,0.9851199017944561,0.20505405368341767,1970819443.7252102,309.3674297745621,149491200246.75797,0.990459847393025,0.9868598445282748
1930.5,0.252853362327536,2068062802.0870643,329.8515574113739,191969793118.00778,0.9847190532685062,0.2071981622177622,1978744089.9647408,310.5662364329541,152125110562.5216,0.9902241076719088,0.9865386603957524
1931.0,0.256866309021782,2077368005.4290082,331.2815467630368,195368280910.54785,0.9843111174581305,0.2094078901535853,1986739112.4277146,311.7814102783824,154781499338.05835,0.9899817383691093,0.9862121391547607
1931.5,0.2609709012578102,2086766575.951077,332.72891564041646,198831265848.1555,0.9838959598611956,0.21168516488099245,1994795331.7737117,313.00641976020603,157485961652.97345,0.9897326370271986,0.9858802291785868
1932.0,0.2651677617040012,2096260619.0801656,334.1937554959544,202359971285.44418,0.9834734434212682,0.21403198724020944,2002914849.4039245,314.24467111652365,160239403434.4722,0.9894766548226122,0.9855428227268507
1932.5,0.2694575660095688,2105852280.3446853,335.6761468609669,205955642109.1262,0.9830434284822867,0.21645048459884922,2011099911.5166197,315.4979630429459,163042856054.80594,0.9892136405777087,0.9851998103758162
1933.0,0.2738410434442562,2115543742.3514936,337.1761613725662,209619545006.09293,0.9826057727428047,0.21894293003223955,2019352847.0192137,316.76727006068126,165904888231.93082,0.9889434405769424,0.9848510807485614
1933.5,0.2783189773951181,2125337222.561293,338.6938627916231,213352968765.88748,0.9821603312096667,0.22151174084669226,2027678576.4358554,318.05515486071846,168823454283.42905,0.9886658826138571,0.9844965044939255
1934.0,0.282892205729375,2135234971.6722078,340.22930750022493,217157224600.77295,0.9817069561510392,0.22415946468142556,2036080421.4256103,319.3620794178922,171794381945.26822,0.9883807985985845,0.9841359568376834
1934.5,0.2875616210338473,2145239272.4740329,341.7825447250209,221033646474.6907,0.9812454970487626,0.2268887587272718,2044559696.56952,320.6868673387363,174818929455.0753,0.9880880291166344,0.9837693221356193
1935.0,0.2923281707425334,2155352439.070575,343.3536166112232,224983591436.52274,0.9807758005500039,0.22970236676369354,2053117915.5958252,322.02900518034147,177898314274.89932,0.9877874128832358,0.9833964829625962
1935.5,0.29719285716442995,2165576816.391727,344.9425582110204,229008439955.17355,0.9802977104182012,0.23260309600295598,2061757101.3581383,323.3882478450827,181033746840.6833,0.9874787867293355,0.9830173187707408
1936.0,0.3021567374237596,2175914779.934337,346.54939741953893,233109596255.05994,0.9798110674832965,0.2355937943737821,2070485890.7030246,324.7634964018861,184226436532.6788,0.9871619855284726,0.9826317066582242
1936.5,0.30722092332448997,2186368735.683921,348.1741548760634,237288488651.1433,0.9793157095912545,0.23867732902508626,2079306027.891581,326.1549663089115,187477593877.8243,0.9868368430445114,0.9822395213667047
1937.0,0.31238658115048307,2196941120.179058,349.81684384039374,241546569882.92056,0.9788114715528708,0.241856566673597,2088219390.5289533,327.56281421097725,190788425227.3256,0.9865031908889034,0.9818406352742088
1937.5,0.3176549314119061,2207634400.68796,351.4774700501574,245885317446.93335,0.9782981850918696,0.24513435618698623,2097227950.4255683,328.9871566783038,194160147595.63,0.9861608584707322,0.9814349183995636
1938.0,0.32302724854772275,2218451075.472541,353.1560315627517,250306233927.42386,0.9777756787922949,0.24851351356970705,2106333748.831247,330.4280845674797,197593989448.97128,0.985809672930497,0.9810222383755214
1938.5,0.3285048605932223,2229393674.119994,354.8525185843944,254810847324.79993,0.9772437780451991,0.25199680945581937,2115538878.3358328,331.88567093647174,201091191521.20398,0.9854494590735455,0.980602460724903
1939.0,0.33408914882066876,2240464757.9254994,356.566913288067,259400711381.58,0.976702304994634,0.25558695907044354,2124845469.7479491,333.3599755269665,204653007682.01828,0.9850800393030155,0.9801754492807786
1939.5,0.33978154736029115,2251666920.312534,358.29918962170456,264077405905.48682,0.976151078482948,0.2592866145319691,2134255682.7422445,334.8510474056745,208280705810.48657,0.9847012335522801,0.9797410657542039
1940.0,0.34558354280800296,2263002787.2795253,360.0440255106611,268842537089.34692,0.9755899139953988,0.2630983593082632,2143771699.3680825,336.3589265910607,211975568655.9994,0.9843128592173974,0.9792991750639596
1940.5,0.35149667382544797,2274474642.938501,361.79266181849357,273697618896.6766,0.975018623604084,0.267024704605978,2153395719.7318196,337.8836451001293,215738894661.1746,0.983914731089135,0.9788496328234487
1941.0,0.3575225307372275,2294783099.526662,362.1750495668399,278643990798.53644,0.9744370161639286,0.27106808747376154,2170678831.8809347,338.2448237298034,219573078347.98328,0.9835067342203012,0.9783922922457456
1941.5,0.36366275512946916,2314951374.0029182,362.83310423767756,283657966442.8855,0.9738448976834817,0.275230870300788,2187845155.1631823,338.837416442275,223462472208.7538,0.9830889462260868,0.977927001681059
1942.0,0.36991903837252776,2335050202.2914987,363.6197387218788,288747393685.1363,0.9732421245047905,0.27951534167826025,2204962152.181004,339.5503209734332,227411869798.1892,0.982661405359348,0.9774536429449028
1942.5,0.3762931176935317,2355131219.205029,364.47371714854046,293916744401.9237,0.9726285362932096,0.28392371523169024,2222079050.00977,340.329987137935,231428139023.33057,0.9822240978076481,0.9769720878734984
1943.0,0.3827867724417364,2375233761.6027427,365.3689616136991,299169061807.73627,0.9720039632113555,0.2884581192517673,2239234121.452527,341.1513153208858,235509836048.1078,0.9817769889855884,0.9764821945312456
1943.5,0.38940185716771014,2395388610.523558,366.2938416507252,304506771440.39514,0.9713682289550141,0.29312061355087177,2256456254.9037585,342.00075568802,239659111574.19626,0.9813200693398899,0.9759838236343243
1944.0,0.39614033039193947,2415620265.4308577,367.24274274248273,309932020708.49426,0.9707211520657032,0.2979132068374164,2273768466.4845204,342.87142994738997,243877250426.16733,0.9808532882794504,0.9754768314869806
1944.5,0.4030042692173995,2435948459.763461,368.2126313713984,315446823603.04016,0.9700625465216978,0.30283786656127687,2291189260.0781546,343.759515967516,248165588713.13892,0.9803765696330909,0.9749610718645723
1945.0,0.40999587062524606,2456389244.902605,369.2016440527782,321053124838.5765,0.9693922220215413,0.30789651917579774,2308733752.2263446,344.66275091647276,252525486420.46848,0.9798898189547102,0.9744363959022614
1945.5,0.4171174431234021,2476955802.7761283,370.2084948423585,326752830388.579,0.9687099841312593,0.3130910449284998,2326414477.6071377,345.57968892436486,256958319322.19418,0.9793929279166731,0.9739026520430373
1946.0,0.4243713924789409,2497659072.5405393,371.23221503809657,332547823672.3553,0.9680156343666836,0.31842327033378554,2344234976.2283354,346.5103654007371,261465320093.57507,0.9788857665733265,0.9733596860034031
1946.5,0.4317602045178696,2518508241.6880026,372.2720296081629,338439975310.3978,0.9673089702413799,0.323894960509095,2362160248.0202274,347.46029515009155,266047754170.1898,0.9783681859622165,0.972807340205924
1947.0,0.4392864271307967,2539511134.243315,373.3272917611614,344431149743.5505,0.9665897852938453,0.3295078127289516,2380198483.762327,348.41757653150546,270707212887.6138,0.97784003315972,0.9722454554116575
1947.5,0.4469526529039415,2560674518.9433928,374.3974438270541,350523210130.0021,0.9658578691006403,0.3352634523817622,2398356024.304897,349.3738064756515,275445023963.2619,0.9773011507503305,0.9716738691873075
1948.0,0.45476150324571574,2582004354.323591,375.48199127394014,356718022164.21533,0.965113007279114,0.3411634318406914,2416637767.0145564,350.33910155100074,280262325744.1126,0.9767513775259267,0.9710924164699831
1948.5,0.46271561448326926,2603505983.6512537,376.5804841515231,363017457141.1958,0.964354981482015,0.34720923166852785,2435048518.557454,351.3174320200433,285160499444.1329,0.976190549005499,0.9705009302369957
1949.0,0.47081762612964884,2625184289.8028574,377.6925032785283,369423394450.44684,0.96358356938559,0.3534022613515506,2453592827.963649,352.31023128170557,290141030610.4894,0.975618497018579,0.9698992406193007
1949.5,0.4790701713400897,2647043818.0577946,378.81764975778617,375937723619.00946,0.9627985446723828,0.359743858372916,2472274972.702343,353.31789692955914,295205448520.3251,0.9750350492901494,0.9692871746014171
1950.0,0.4874758694602882,2669088873.151512,379.9555369667678,382562345989.0398,0.9619996770096924,0.36623528889239304,2491098997.1094904,354.3404081480962,300355236524.3403,0.9744400245823374,0.9686645561207492
1950.5,0.49603732050086863,2691323595.6575913,381.10578444923704,389299176095.097,0.9611867320244657,0.37287775075079743,2510068749.249048,355.3775603889715,305591974161.64374,0.9738332383618922,0.9680312061651282
1951.0,0.5047571013362195,2713752021.763561,382.26801328956725,396150142792.6302,0.9603594712752637,0.37967237860336644,2529187951.064844,356.42909734631365,310917253502.92523,0.9732145026067208,0.967386942569738
1951.5,0.5136377634118795,2736378129.7069306,383.44184265070476,403117190179.08105,0.9595176522218294,0.3866202509137163,2548460240.854698,357.4947417401806,316332679241.2707,0.9725836257896491,0.9667315799922147
1952.0,0.5226818317451423,2759205875.500758,384.62688722677007,410202278341.2092,0.9586610281926988,0.39372239816920174,2567889207.7051773,358.5742065717238,321745432952.2451,0.9719404128607998,0.9660649298878257
1952.5,0.531891805013141,2782239220.067794,385.8227554137197,417407383956.02374,0.9577893483512238,0.4009798117959457,2587458587.3640084,359.64430810608184,326981211801.6125,0.9712848745781529,0.9653869167699762
1953.0,0.5412701565376342,2805482149.492605,387.0290480421401,424734500767.6712,0.9569023576603173,0.4083934533686991,2607118633.250434,360.65450843738057,332045463013.7128,0.9706174167258179,0.964697679362881
1953.5,0.5508193359934348,2828938689.7714887,388.2453575482852,432185639958.53564,0.955999796846186,0.4159642638116357,2626829098.4490404,361.58896107848955,336947765044.0939,0.9699384552936324,0.9639973519133976
1954.0,0.5605417716861976,2852612917.174379,389.4706871327837,439762830429.46075,0.955081402361274,0.4236931611126911,2646559604.5192733,362.4459420080022,341699198608.9139,0.9692484013002047,0.9632860604617818
1954.5,0.5704398732639411,2876508918.0992703,390.83460826127333,447468099881.68256,0.9541469063466115,0.4315810047831084,2666288395.4300075,363.22908340966785,346319222400.3776,0.9685476707639672,0.9625639209151932
1955.0,0.580516034744527,2900641483.79531,392.292964802262,455307833445.3098,0.9531960366343629,0.43962852995619717,2686002304.276029,363.94562134369374,350843034992.48004,0.9678366924193416,0.9618310277737978
1955.5,0.5907726377579325,2925022593.8932695,393.7656410948279,463287055818.9012,0.9522285074882916,0.4478362633413916,2705698104.882081,364.60738638642505,355302096914.1188,0.9671158353136569,0.9610874333410461
1956.0,0.6012120549173141,2949658025.6919575,395.22951470710717,471408159868.1176,0.9512440224946765,0.4562044328088081,2725379820.589078,365.22651555788127,359730413857.1922,0.9663854138995689,0.9603331514041312
1956.5,0.6118366884406705,2974551603.4168205,396.6787216893432,479672796011.31323,0.9502422801549568,0.46473287981174055,2745057657.5691156,365.81542846857,364163796131.43744,0.9656456796774904,0.9595681528033606
1957.0,0.6226490197058036,2999706548.4162617,398.11241952770825,488082450171.4421,0.9492229754634327,0.4734209850302006,2764747056.7350116,366.38668676717714,368638939840.7793,0.9648968143623716,0.9587923613459495
1957.5,0.6336516433056432,3025125912.8810663,399.53108657155013,496638612465.6657,0.9481858002568185,0.48226761409735835,2784467796.4777355,366.9527653164399,373192462070.1623,0.9641389250094338,0.9580056526592698
1958.0,0.6448472834844423,3050812723.411339,400.9354350656875,505342820578.66925,0.947130443205329,0.4912710873585154,2804243116.6587243,367.5257796470831,377859936994.3156,0.9633720412505048,0.9572078538524753
1958.5,0.6562387967093029,3076770030.844404,402.3261108977806,514196665941.2739,0.9460565897115993,0.5004291754038811,2824098849.894386,368.1171984982896,382674978338.5253,0.9625961146899447,0.9563987443068033
1959.0,0.6678291646968199,3103000927.911845,403.7036243651379,523201789589.47614,0.9449639217964741,0.5097391203698064,2844062558.577389,368.73756351521735,387668409952.6629,0.9618110204087124,0.9555780584384396
1959.5,0.6796214814666488,3129508554.358139,405.06834573186677,532359875688.92554,0.9438521179935965,0.5191976816545658,2864162685.8953347,369.39623448343673,392867559984.22314,0.9610165604317072,0.9547454896312209
1960.0,0.6916189370864354,3156296096.1485553,406.4205169854919,541672644980.44196,0.9427208532577575,0.5288012036543336,2884427736.3508525,370.1011753639558,398295705941.0374,0.9602124689327959,0.9539006953461365
1960.5,0.7038247999979097,3183366781.3100934,407.7602661451117,551141848704.5481,0.941569798887174,0.5385457023243818,2904885505.8882966,370.8587930181435,403971688537.6573,0.9593984188881552,0.9530433031050466
1961.0,0.7162423992147436,3210723873.601817,409.08762062440394,560769263080.2499,0.9403986224586768,0.5484269667969225,2925562383.6686983,371.74174451559486,409973074710.4968,0.9585740298444221,0.9521729170502181
1961.5,0.7288751072373757,3238370664.709475,410.4025189969819,570556684288.7609,0.9392069877746312,0.5584406719143854,2946499877.9109874,372.79155379164183,416298720284.29175,0.9577387417546789,0.951288990092288
1962.0,0.7417263242060197,3266310465.430129,411.7048212490051,580505923890.283,0.9379945548205175,0.5685824973517651,2967735682.6447625,373.93665068966214,422912215602.49634,0.9568919816573952,0.9503909839761674
1962.5,0.7547994635813375,3294546596.1811543,412.994317754468,590618804606.3374,0.9367609797322507,0.5788482489909498,2989289491.711818,375.14388469749525,429812364415.88477,0.9560332383967687,0.949478440548737
1963.0,0.7680979394794343,3323065799.459635,414.27280385935177,600897156410.1896,0.9355059147724623,0.5892340049495952,3011175204.157142,376.4012589930739,436993410023.6841,0.9551619876124358,0.9485509063059241
1963.5,0.7816251556760139,3351776608.9107,415.55137014899674,611342869046.335,0.9342290083150906,0.5997362806409554,3033402608.209758,377.70291528552525,444445877724.351,0.9542777015366214,0.9476079394127199
1964.0,0.7953844962201368,3380685050.914321,416.8273307158249,621958140238.8871,0.9329299047183671,0.6103521731260552,3055977996.43399,379.0442096936188,452157485307.8823,0.9533798573213323,0.9466491144934706
1964.5,0.8093793175508714,3409796460.153633,418.09958105583684,632745069907.8964,0.9316082436703593,0.6210794747626247,3078904529.1490364,380.42029266631164,460113905875.18066,0.9524679437364573,0.945674025624759
1965.0,0.8236129419826071,3439115672.5343513,419.3673650784166,643705725401.4945,0.9302636603968051,0.6319167559268176,3102182576.2472124,381.8258470416449,468299466502.8034,0.9515414665351782,0.9446822878751694
1965.5,0.8380886523350396,3468647124.7855,420.3745685652253,654842155300.9559,0.9288957857303269,0.642863419123691,3125810096.6196527,383.2551916687916,476541298648.0699,0.9505999526033168,0.9436735375487799
1966.0,0.8528096871454629,3498376713.933175,421.02529104739057,666145024698.25,0.9275042461503124,0.6539197272115798,3149756324.762188,384.6701737066197,484992344754.02026,0.9496432855999083,0.9426477638257572
1966.5,0.8677792365076126,3528281576.6789675,422.0830118168266,677600469510.6266,0.9260886879728286,0.6650868083816992,3174020685.993273,386.0914689780256,493640307748.4085,0.9486710133069667,0.9416046330905689
1967.0,0.8830004386188796,3558392306.590653,423.29547103800616,689229151306.7719,0.9246487869751185,0.6763666404280382,3198602865.742155,387.52212801941,502470770058.5803,0.9476827002298688,0.9405438247005166
1967.5,0.8984763770620862,3588723835.3545423,424.56393635383347,701040352914.2914,0.9231841750285916,0.6877619961753847,3223501293.3500524,388.9593813016273,511470204847.2207,0.9466779339375662,0.9394650286609789
1968.0,0.9142101442295711,3619284627.475571,425.8504592324063,713038870301.63,0.9216944642786488,0.6992763748986256,3248713184.199896,390.3987384553176,520574550100.607,0.9456563251367627,0.9383679400232079
1968.5,0.9302050397654562,3650080426.1431885,427.14167649358984,725227776092.8059,0.9201792566792578,0.7109139305433723,3274226419.581518,391.82023342125643,529771504182.5673,0.9446176171489783,0.9372523701539882
1969.0,0.9464647437709468,3681115841.2987266,428.43229360710035,737609552343.8519,0.9186381476550606,0.722679398916757,3300028598.306778,393.2193094723337,539122145046.8028,0.9435615770092499,0.9361181461836788
1969.5,0.9629934253017003,3712382909.4487624,429.70765195235407,750178908727.9901,0.9170676079921406,0.7345780239908966,3326119999.3967805,394.60694742057063,548617031779.9295,0.9424878401453798,0.9349649596779455
1970.0,0.9797957883850471,3743840285.7648263,430.92936555691483,762911519201.6058,0.9154561475757076,0.7466154764496775,3352500912.7750473,395.9837317083627,558247699971.0585,0.9413960621088767,0.9337925049728523
1970.5,0.9968770694570458,3775529622.640863,432.1207208291195,775810371367.6744,0.9138031378077948,0.7587977645910942,3379171036.9885726,397.34764505093835,568006886296.5582,0.9402859184581607,0.9326004765592952
1971.0,1.0142431946003727,3807470275.1008615,433.2915182423444,788879316339.7748,0.9121079557632497,0.7711311505746294,3406129569.905432,398.6962929346019,577811624514.2711,0.9391571041386011,0.9313885667296944
1971.5,1.0320390105494537,3839661713.331198,434.4473258644612,802122376005.5492,0.9103699703780584,0.7836220753891987,3433363512.148164,400.01297598260686,587626905683.9303,0.9380094962729989,0.9301566270304125
1972.0,1.0502803680586787,3872104660.2008147,435.5904338908533,815543512333.5752,0.9085885327540332,0.7962770915542312,3460856301.01988,401.2876258512125,597598219631.6199,0.9368430514182856,0.9289045928638784
1972.5,1.0689542427848504,3904800653.4339123,436.72201426551953,829146507628.3091,0.9067629769846642,0.8091028020787815,3488616406.7813416,402.5457513816689,607720021691.4952,0.9356574188401287,0.9276321221417446
1973.0,1.088055321239052,3937751798.616694,437.84280424317865,842934947617.8048,0.9048926213078355,0.8221057944483916,3516652306.5818734,403.7912076009725,617987313364.8685,0.9344522625564406,0.9263388760841248
1973.5,1.1075844608355796,3970960605.3132153,438.953306868409,856912233974.7201,0.9029767692213851,0.8352925648020907,3544970862.6037903,405.022965633142,628395815794.8822,0.9332272613992444,0.9250245162577376
1974.0,1.1275474131445546,4004429866.491648,440.05387112201834,871081602328.8951,0.9010147104701367,0.8486694555385923,3573577323.0868683,405.9065308449299,638941801146.1095,0.9319821086375323,0.9236887037209887
1974.5,1.147953766476162,4038163099.384226,441.14466921595186,885446140248.482,0.899005721899869,0.8622426117538814,3602440277.809045,406.60273864540153,649607221592.3871,0.9307165118744816,0.9223310986204476
1975.0,1.1688160715051827,4072166808.1482434,442.2254708912224,900008802078.2614,0.8969490684310047,0.8760179526475267,3631544200.5087094,407.6221271794471,660381717372.9384,0.9294302244569957,0.9209513914705074
1975.5,1.1901491199025256,4106443861.719708,443.2964075455243,914772416032.8636,0.8948440049855791,0.8900011533360794,3660852856.927399,408.76561367316646,671279005941.3169,0.928123030001865,0.919549287737029
1976.0,1.2119693510656178,4140997163.464267,444.4372705715624,929739707875.8314,0.8926897754032093,0.9041976334791063,3690341039.851343,409.95387467246695,682325913585.7168,0.9267946919353643,0.9181244580174068
1976.5,1.2342943662150754,4175836822.472075,445.58990347374527,944917952978.6061,0.8904856129048114,0.9186126364402786,3720020633.18817,411.1557062111167,693571695382.6323,0.9254449262064867,0.9166765150353534
1977.0,1.2571425324854877,4210968129.2067866,446.73170175439685,960310983253.751,0.8882307234306425,0.9332514113284343,3749906536.457584,412.36563843407777,704931161539.9186,0.9240733551959989,0.9152049519580204
1977.5,1.2805326626143338,4246394299.257393,447.855714247025,975921246053.1293,0.8859242985370503,0.9481193658047816,3779999243.843827,413.56995352363407,716407490409.9116,0.9226797977993924,0.9137093993956201
1978.0,1.3044837993197775,4282110492.6463103,448.9607638013064,991750726178.599,0.8835655205202336,0.9632221604864767,3810299090.356434,414.7636383217665,728004765674.682,0.921264082413191,0.9121894739897417
1978.5,1.3290150503062048,4318076085.064463,450.05077338704075,1007801265727.3243,0.881153560814893,0.9785657545815516,3840820645.553741,415.9438189310391,739727756577.7333,0.9198260455795472,0.9106447786033167
1979.0,1.3541454533503978,4354292832.935258,451.1250600847275,1024074745418.7479,0.878687564515615,0.9941564042168102,3871605353.58349,417.1064515923724,751582002092.2183,0.9183655310431289,0.90907490126169
1979.5,1.3798938644895704,4390762017.204498,452.18345024149505,1040572968531.7013,0.8761666692792289,1.0100006243559774,3902655357.246836,418.2528406982812,763573744826.0269,0.9168823886121898,0.90747941359304
1980.0,1.4062788665974948,4427484539.364863,453.2258732170146,1057297692899.3336,0.8735900054496446,1.0262012850758797,3933973799.034418,419.38418163592826,775710050705.3024,0.9153764731910478,0.9058578689797858
1980.5,1.4333186975554175,4464460971.041162,454.2522393305012,1074250637707.6346,0.8709566960859243,1.0428058160669387,3965564707.6174583,420.5014548336278,787940278280.6139,0.9138476436501891,0.9042097998946762
1981.0,1.4610311955307431,4501678105.268262,455.26376956376686,1091433482425.5292,0.868265856982922,1.059797479765549,3997425458.7042465,421.59848769116473,800121177170.3805,0.912295886276244,0.9025348289882287
1981.5,1.4894337593493956,4539103652.406309,456.26331431566257,1108847899401.1394,0.865516590644681,1.0771653072939233,4029530023.308764,422.6503174958412,812487174895.8677,0.9107204749820725,0.9008318865216692
1982.0,1.5185433221142344,4576737567.573077,457.2500681576697,1126495588995.8708,0.8627079777283839,1.0949026960981412,4061844618.382535,423.63818722303387,825003413299.0211,0.9091125934968427,0.8990919428234189
1982.5,1.548376336323501,4614579311.324187,458.22354490335914,1144378169285.1118,0.8598390914319348,1.1130063183317296,4094371979.159123,424.5959653878245,837654119148.9225,0.9074719473372882,0.8973145002738165
1983.0,1.5789487692216884,4652627912.589596,459.1833221041045,1162497195567.2688,0.8569089976314084,1.1314753125265995,4127114313.0810676,425.5342266459998,850553564579.2319,0.9057982869455169,0.8954990567719586
1983.5,1.6102761075119154,4690882001.616512,460.12896759437956,1180854162802.9119,0.8539167549614668,1.1503111740539778,4160086982.610339,426.46932287573145,863606738030.1045,0.9040909204362882,0.8936446795607541
1984.0,1.6423733693380695,4729329710.731675,461.0610048334406,1199450502957.534,0.8508614148999315,1.169517531942832,4193292838.1167593,427.3960829320727,876798716106.6588,0.9023495111045711,0.891750729159337
1984.5,1.6752551219817995,4767905331.6545,461.9849571799757,1218287608294.5818,0.8477420173193215,1.1890998750270856,4226732309.709922,428.382405798598,890133987080.4464,0.9005737773750881,0.8898165982818206
1985.0,1.7089355039971001,4806607739.907474,462.8992544575519,1237366963965.3013,0.8445575664322772,1.2090652883863422,4260412582.4785433,429.3759315293626,903621036131.438,0.8987634234855318,0.8878416418931792
1985.5,1.743428250696422,4845435189.814378,463.8036801191404,1256689917289.8274,0.8413070594478874,1.2294221929112088,4294336991.8450017,430.35665743356657,916924056991.9702,0.8969181326988284,0.8858251603867054
1986.0,1.7787467223397277,4884385406.95842,464.70818712173553,1276257772158.6892,0.8379894868951608,1.2501800916166912,4328470810.111033,431.2822382247557,930328262399.0289,0.8950388635936841,0.8837676846445085
1986.5,1.8149039358231829,4923455815.52879,465.58919453763207,1296072540845.4287,0.8346038325750978,1.2713493679808117,4362813473.05276,432.1703126645692,943916774383.5626,0.8931254926676976,0.8816688417241894
1987.0,1.8519125979395201,4962643106.517709,466.4526523909926,1316134435695.2036,0.8311490703258871,1.2929411018352195,4397374255.9132595,433.0359774189689,957690354500.7118,0.8911775811798124,0.8795279967628601
1987.5,1.8897851395390148,5001943597.361793,467.29946528010066,1336444082370.1584,0.8276241715676536,1.3149668157835752,4432161514.530833,433.884281240636,971649928258.19,0.8891946904010394,0.877344524601719
1988.0,1.9285337558946265,5041353234.30953,468.1293269898149,1357002133413.1604,0.8240281033260969,1.337438232924216,4467182199.066866,434.7168848375909,985796857049.3317,0.8871763841461424,0.8751177958161732
1988.5,1.968170440125447,5080867605.686517,468.941592774615,1377809171218.7566,0.8203598279478537,1.3603670809977857,4502441932.667265,435.5343570068902,1000138180715.0288,0.8851266884553496,0.8728530020790816
1989.0,2.008707014659083,5120496989.7824,469.7340931885467,1398865677544.5413,0.8166183032463306,1.3837649432730241,4537945761.104678,436.33747639892186,1014692295253.229,0.8830504285506219,0.8705563702165994
1989.5,2.050155161268254,5160258386.38487,470.5041017506471,1420171975824.6548,0.8128024895524752,1.4076431495277233,4573664590.008413,437.1315193956351,1029287157494.9359,0.8809473339377711,0.868227513589263
1990.0,2.09252644941555,5200145989.660729,471.25275848474115,1441728211629.3142,0.8089113534321156,1.4320123973717414,4609573056.451665,437.90027552240247,1044056194986.5638,0.878817531562135,0.8658664062460234
1990.5,2.1358323626073648,5240153644.1954365,471.98517219052724,1463534556630.5977,0.8049438582015848,1.4568821778193919,4645672598.693436,438.65202950626025,1059072985306.8895,0.8766608431524822,0.8634728826552086
1991.0,2.1800843221304045,5280274857.755026,472.70326543007,1485591532904.5273,0.8008989636562137,1.482260462089407,4681971718.80292,439.39644763790795,1074340529435.1202,0.8744769183445896,0.8610466906991748
1991.5,2.2252937076963564,5320502719.092142,473.38248731117574,1507899750760.6152,0.7967756243857462,1.5081535492922042,4718477820.697832,440.13619962217115,1089861832948.7543,0.8722653957403969,0.8585875826556081
1992.0,2.2714718754311547,5360829373.489852,474.154097796696,1530457681808.904,0.79257278919976,1.5345660336579054,4755196896.972702,440.87182968487,1105639739968.5427,0.8700259030838308,0.8560953146579668
1992.5,2.3186301739211665,5401248653.954502,474.8885502482853,1553274879976.575,0.7882894100599165,1.5615008665087005,4792133622.278154,441.6032385913075,1121676745494.25,0.8677580575808284,0.8535696357999417
1993.0,2.36677996009582,5441752119.960205,475.59151305265686,1576349704165.3289,0.7839243943542985,1.5889594847362798,4829291521.769184,442.330108361042,1137974942715.629,0.8654614667330831,0.8510102931980216
1993.5,2.415932599867456,5482330535.061259,476.2638700811644,1599680947338.536,0.7794766528525573,1.6169419806173435,4866673133.393933,443.0520183004567,1154535981976.04,0.8631357291661733,0.8484170314032188
1994.0,2.4660995450730034,5522973830.79963,476.90661556429444,1623267409049.4739,0.7749450974487287,1.6454472936329085,4904280142.445538,443.76847089490053,1171361028384.7551,0.8607804353810669,0.8457895919170402
1994.5,2.5172923763974535,5563671116.2349,477.52065357901205,1647107895453.0857,0.7703286407579972,1.674473410012724,4942113486.242833,444.4788925537868,1188450717071.1987,0.8583951684527037,0.8431277127513798
1995.0,2.569522825341579,5604410678.815591,476.8752404888749,1671201202582.8499,0.7656261957176956,1.7040175599482172,4980157675.062587,445.18403684336164,1205805105672.3682,0.8559795047065134,0.8404311280075486
1995.5,2.6228027817604374,5645156071.51639,475.9904721873368,1695434326533.5261,0.7608366752618627,1.7340764056560471,5018383607.307096,445.8855200028277,1223423666075.459,0.8535330144091033,0.8376995690619099
1996.0,2.677144291987453,5685881955.394248,475.42242231528195,1719787509230.9016,0.7559594703154608,1.764646215898065,5056790564.19543,446.58207663065474,1241305256312.317,0.8510552624154984,0.834932760116195
1996.5,2.732559551219039,5726573344.926535,474.98819172296794,1744291978674.014,0.750994046842503,1.7957230243472808,5095377065.4355545,447.27265494411756,1259448224960.011,0.8485458107847644,0.832130449071689
1997.0,2.789060892824425,5767214495.972077,474.6027857600144,1768961322524.8347,0.7459397274410212,1.8273027704515723,5134140957.471356,447.9562099190502,1277850311639.3342,0.8460042197261007,0.8292927265808073
1997.5,2.8466614980223066,5807788844.105484,474.2279848051916,1793800718149.6218,0.7407957681781625,1.8593814223598677,5173079456.906954,448.63163986758013,1296508601153.1077,0.8434300485098787,0.8264193122248541
1998.0,2.9053764957764208,5848278979.426239,473.8477258331416,1818811395894.3108,0.7355613950161054,1.8919550813657746,5212189172.785707,449.29776671134863,1315419497818.97,0.8408228565307743,0.8235099183131336
1998.5,2.9652238878222352,5888666630.394142,473.45629165493375,1843992780830.6184,0.7302358206998095,1.925020062305418,5251466116.530474,449.9533299149674,1334578705754.5833,0.838182204515426,0.8205642686620485
1999.0,3.0262251346012268,5928730312.402827,473.0688329270303,1869343507957.584,0.7248182522673531,1.9585729607249562,5290905703.1766815,450.59698474847994,1353981343207.9912,0.8355076569249862,0.8175820658762466
1999.5,3.088405404276517,5968623830.186739,472.6716847534761,1894862458874.0247,0.7193078030606199,1.9926107071476113,5330502756.937528,451.22731320530676,1373622051076.0933,0.8327987847227755,0.8145630027148262
2000.0,3.1517935462515547,6008331250.061882,472.2666641431183,1920547855165.0564,0.71370366052663,2.0271306086866745,5370251520.322846,451.8428359356102,1393494924023.1907,0.8300551668091805,0.811506764905051
2000.5,3.2164218630327395,6047835819.129934,471.85574897318793,1946397925603.5818,0.7080050127228108,2.0621303791266863,5410145651.083256,452.4452077852514,1413593519743.0513,0.8272763916405974,0.8084130318222953
2001.0,3.282325753641609,6087137982.785688,471.4395141899441,1972410928587.261,0.7022110479169036,2.0976081582754165,5450178566.99065,453.0375454961907,1433911148527.4482,0.8244620589830384,0.8052814140123963
2001.5,3.349543275591801,6126272945.30652,471.01582227991224,1998585107187.5222,0.6963209621965879,2.133562521403049,5490353380.658878,453.74752701989513,1454441038293.5544,0.8216117811718139,0.8021115542159963
2002.0,3.418114669029216,6165222381.053105,470.58670885475357,2024918595489.4456,0.6903339751780304,2.1699924796188776,5530703372.349089,454.45451289408584,1475187249393.88,0.8187251868081844,0.7989030959275626
2002.5,3.488081874686713,6203967874.222494,470.15394513293467,2051409575119.5393,0.6842493063942379,2.2068974732058964,5571222350.131977,455.13548546360926,1496144163681.613,0.8158019019126004,0.7956556482609741
2003.0,3.559488067249967,6242490914.674254,469.7191212571282,2078056255419.9246,0.6780661750464901,2.244277358474296,5611901076.322464,455.7310119157082,1517259632286.6956,0.8128415734627172,0.7923688090135849
2003.5,3.6323772176476106,6280772893.700489,469.28759402262966,2104856861675.1184,0.6717837998406313,2.2821324762582065,5652719279.417642,456.24870419600563,1538514258196.4973,0.8098439765067065,0.7890419478268309
2004.0,3.70679369439776,6318795146.36591,469.0212506016018,2131810045752.3235,0.6654013988729679,2.320463692881153,5693656687.922477,456.74026186417296,1559969562532.081,0.8068089377154443,0.785674416522781
2004.5,3.782781909446674,6356540860.743341,468.7837931216705,2158931821797.8584,0.6589181877386662,2.359272403826405,5734704549.954012,457.20834791305884,1581618621970.174,0.8037361479176468,0.7822658212988928
2005.0,3.8603860106721437,6393992485.984536,468.5267520751247,2186223104307.9727,0.652333304405635,2.3985604698693876,5775853236.003923,457.56189685882094,1603454401755.0115,0.8006253186021705,0.7788157460226223
2005.5,3.939649632872219,6431131691.736083,468.2353681580481,2213679389330.0244,0.6456458749429808,2.438330113118535,5817081026.911474,456.379322476624,1625461687805.1416,0.7974761833665917,0.7753237771403569
2006.0,4.020616193788806,6468223849.933034,467.8868078174068,2241294486845.9463,0.6388550368759431,2.4785838265085194,5858191706.676262,455.64693683934564,1647494970495.0608,0.7942885178081553,0.7717895178714049
2006.5,4.103329198583984,6505278198.513638,467.4822094198549,2269061133214.553,0.6319600742284619,2.5193242968089424,5899220240.200769,455.11500243226897,1669592913021.7542,0.7910624371323367,0.7682128385352616
2007.0,4.187832406573648,6542285356.124661,467.02478985547606,2296972255540.1646,0.6249603069599794,2.5605543380624907,5940174953.741784,454.6652541409402,1691772248219.5056,0.7877979776159122,0.7645935201537615
2007.5,4.27416985181272,6579236519.951972,466.51760972341367,2325021089649.693,0.6178550817522472,2.6022768874192237,5981051125.632525,454.2428820214447,1714037417439.111,0.7844951430802543,0.7609313054354928
2008.0,4.362385742417917,6616123384.02232,465.92681040729474,2353201153384.378,0.6106437709190082,2.6444959529683048,6021837483.167017,453.82348996572347,1736387171801.4685,0.7811539332324033,0.7572259199198847
2008.5,4.452524281410969,6652937575.323503,464.5753677963954,2381501964500.537,0.6033257713957616,2.687217612086108,6062519038.98742,453.39712735489223,1758817712444.554,0.7777743573136371,0.7534770822785029
2009.0,4.5446294449863025,6689661621.43415,463.37886574705414,2404634427896.4985,0.5959005222099673,2.7304507401402462,6103078938.4865465,452.9605630342527,1781324209317.3967,0.7743564406630091,0.7496845093922038
2009.5,4.638744745082796,6726003793.56098,462.1738982830066,2423304268034.6396,0.5883905943175655,2.774207403388261,6143499502.269031,452.51358853156205,1803901526609.2493,0.7709002278041486,0.7458479188757141
2010.0,4.734912995263356,6761767749.471436,460.8865867323476,2441671941484.2065,0.5808153398520164,2.8185029509913737,6183762290.916181,452.05730955142565,1826544556859.2083,0.7674057837908158,0.7419670303791626
2010.5,4.833176133664259,6797017371.949407,459.53068592250486,2459696505180.3394,0.5731758205952852,2.8633558728106197,6223848260.531893,451.5933451989428,1849248360643.3508,0.7638731946318685,0.7380415662585628
2011.0,4.93357449942418,6831607712.40781,458.12660212270055,2477342317237.727,0.5654733062024984,2.9087874917487335,6263737827.778084,451.12346811022314,1872008203775.8928,0.760302567160697,0.7340712519870908
2011.5,5.036145263160028,6865423973.885262,456.6850684199677,2494578160262.409,0.5577091570351669,2.9548215502969324,6303483106.498322,450.6442876518302,1894819967740.8054,0.7566940322880752,0.7300558166760505
2012.0,5.140921170698657,6898487959.236266,455.20191490848794,2511375959472.526,0.5498848183722672,3.0014837388909266,6343168169.844444,450.1504153929536,1917681328479.3372,0.7530477578830266,0.7259949865014502
2012.5,5.247929608795544,6930812149.291233,453.6897152642763,2527709582968.883,0.5420018681312312,3.048801202098297,6382775588.56205,449.64391485079165,1940590836338.6804,0.7493639455884685,0.7218884839061471
2013.0,5.357191962413514,6962403115.652965,452.13756952501626,2543556570993.4155,0.5340620041729234,3.096802048594583,6422288498.920393,449.12647856426685,1963547338711.6797,0.7456428220648667,0.7177360396809568
2013.5,5.468723197130992,6993260982.653002,450.5439490922777,2558895074998.2466,0.526067025576871,3.1455148825153785,6461690415.114558,448.59957498052495,1986550339278.6755,0.7418846381114841,0.7135373933929484
2014.0,5.582531579509423,7023381432.564619,448.91518874561376,2573704828831.652,0.5180188270659476,3.1949683683873213,6500965112.2879925,448.080031078782,2009599140315.048,0.7380896597781496,0.7092922941080707
2014.5,5.698618556372215,7052757413.253988,447.2559906323741,2587967927215.043,0.5099193900844632,3.245190837673551,6540103211.708115,447.68410487779624,2032694580778.7979,0.7342581654236151,0.7050005002222538
2015.0,5.8169787579633345,7081565498.15994,445.55842139352245,2601668467220.7554,0.5017707712388617,3.2962099408080143,6579017245.818545,447.30919163163804,2055849786322.6165,0.7303904396882538,0.7006617754688795
2015.5,5.9376000943671166,7109865851.085461,443.8217786091968,2605425457875.4507,0.49357517616894286,3.348052346168803,6617663147.380799,446.9174951032517,2079065630625.5642,0.7264867426922499,0.6962758735509387
2016.0,6.060463924715827,7137180795.322464,441.95944069934546,2605847807360.083,0.48537587942372623,3.4007435342063177,6656024493.594563,446.4962644229719,2102337843787.783,0.7225473346840009,0.691842554556489
2016.5,6.185545277942609,7163442705.128433,439.99409869270227,2605482378440.8203,0.47718702662442103,3.454308036392964,6694083062.330114,446.04324464085613,2125662438344.7566,0.7185725066116894,0.6873615886019463
2017.0,6.312813101198907,7188776352.756678,437.9458953451313,2604198995226.6133,0.46901159043605023,3.5087696769084777,6731819801.517261,445.5599947833821,2149036299078.5908,0.714562584650949,0.6828327600187596
2017.5,6.442227979585244,7213322932.311007,435.82097877543356,2601812646857.18,0.4608531691906743,3.564151694667655,6769215298.843031,445.0492911037839,2172457192479.6797,0.7105179276509498,0.6782558708173019
2018.0,6.573739641937213,7237093671.612008,433.6256751248486,2598337717556.27,0.4527162341802141,3.6204767384538865,6806250021.950859,444.5141631530486,2195923769160.368,0.7064389239582549,0.6736307397197199
2018.5,6.70728524867133,7260096311.848314,431.36482246742406,2593791180571.5786,0.4446051988181309,3.677766763869473,6842930082.130653,443.95590792012933,2219435468165.3677,0.7023259880018562,0.6689571959395301
2019.0,6.842788358967177,7282335933.069853,429.0425139108686,2588192264647.136,0.4365244057434619,3.736042866704387,6879502537.319134,443.3602536696271,2242992318495.1147,0.6981795569377821,0.6642350782983073
2019.5,6.9801584123296,7303815651.395299,426.66247621698795,2581562219222.0312,0.42847811575551215,3.795325083008942,6915951717.091236,442.5320614275489,2266554271691.026,0.6940000919458233,0.6594642212050968
2020.0,7.119290618858029,7324537197.089149,424.2282612460747,2573924130124.2725,0.4204704980895436,3.855632179393912,6952244369.518454,441.2718380057,2289927224617.2544,0.6897881726484768,0.6546445497591179
2020.5,7.260066165722668,7344501388.404247,421.74334176473207,2565302761049.0376,0.41250562175894007,3.916981450440878,6988320103.630985,440.12515007466493,2313303434346.4653,0.685544853402522,0.6497763906413891
2021.0,7.402352662415168,7363708517.045017,419.2111586921814,2555724408275.5503,0.40458744780413247,3.9793885347780873,7024179357.052713,439.0118728966682,2336758803175.144,0.6812902939597407,0.6448598924196381
2021.5,7.546004761770778,7382158659.988226,416.6351438712052,2524258922723.07,0.39671982235059716,4.042867252453405,7059820490.725414,437.90193492756083,2360417200103.626,0.6770371521906446,0.6398950914223787
2022.0,7.69086490653063,7399138070.758408,413.76971853941444,2463114038357.848,0.38899816096067846,4.10742967192755,7095246530.995954,436.78627185725145,2384335338370.744,0.6727863484774539,0.6348822906079851
2022.5,7.836764162043119,7413746304.951241,410.3941273074334,2402335917866.674,0.3815516491747042,4.173085921733324,7130463686.120167,435.6614636200949,2408518664143.2217,0.6685387631041357,0.6298220078172441
2023.0,7.983523104647191,7426202528.393876,406.7375985415334,2342016795152.2637,0.3743776153712655,4.239843824594627,7165475828.486512,434.5266891175826,2432969302081.3174,0.6642952066365595,0.624714788644925
2023.5,8.130947054010864,7436696152.229679,402.9061039566988,2282271526887.299,0.3674730830302516,4.307708807246046,7200284944.147862,433.38248126665593,2457686236200.8438,0.6600564181811363,0.6195612007867797
2024.0,8.278814215041246,7445388052.283018,398.95515732430704,2223219290850.1265,0.360834658368623,4.37668395171223,7234891448.397222,432.2300340837198,2482665497396.9053,0.6558230643832708,0.6143618276899316
2024.5,8.426866380200543,7452415160.041251,394.92202656024637,2164975582075.667,0.35445849859468104,4.446770122277138,7269294419.212473,431.07082163769064,2507900313210.684,0.6515957392770922,0.6091172620858525
2025.0,8.574802979524586,7457895671.552009,390.8312965800288,2107648697271.2947,0.34834031724511855,4.517966131962576,7303491776.56005,429.9063919424178,2533381254535.4126,0.6473749650126467,0.6038280995355899
2025.5,8.722278360886031,7461932951.57905,386.7014542206256,2051337539203.2146,0.342475407246755,4.5902689284616836,7337480425.604229,428.73825865917553,2558216468020.903,0.6431611934603015,0.5984949320953625
2026.0,8.868901832533997,7464618795.24955,382.54798827286896,1996130552604.9324,0.33685867534095154,4.663673788159044,7371124305.932528,427.56278081024425,2580967025817.243,0.6389544099773485,0.5931199420725368
2026.5,9.014239908589609,7466036053.084912,378.3864427759179,1942105288490.4978,0.33148468263116726,4.7381745114993645,7404176690.447724,426.3671525860743,2603821754910.6753,0.6347540087912432,0.5877078998977999
2027.0,9.157820220648313,7465913504.315745,374.26605590515135,1889328458463.789,0.32634768821790955,4.813763615419913,7436657518.265923,425.17529653649626,2626746308924.4307,0.6305605416505792,0.5822595603936479
2027.5,9.29913662565374,7464251058.915361,370.1980273812778,1837856174328.8281,0.32144153728907254,4.890432507408275,7468581612.450936,424.01295935717206,2649713696534.2246,0.626374477658361,0.5767756759619727
2028.0,9.437655118862217,7461130788.280769,366.189816055894,1787733349183.2727,0.3167598295028959,4.968171563681066,7499960759.668737,422.8619765159515,2672699790535.6694,0.6221962153405892,0.5712570611547867
2028.5,9.572820236282494,7456631109.180559,362.1970472008539,1738994638718.9485,0.31229600495494536,5.046970046776686,7530822765.534944,421.7126095207781,2695677645685.4033,0.618026091851169,0.5657045850938552
2029.0,9.704061707092691,7450818450.074565,358.106173827602,1691662074158.3533,0.30804338740968124,5.126816065273827,7561373057.008008,420.54999845528465,2718618813768.4497,0.6138643730490367,0.560119152731492
2029.5,9.830801157093545,7443735856.479679,353.97078070754964,1645742547092.3525,0.30399523413777196,5.207696754115925,7591608690.9502125,419.373641053337,2741493050803.5835,0.6097110990640725,0.5545016632452641
2030.0,9.952458710278632,7435433103.961662,349.79930257726585,1601239130377.8916,0.3001447916296588,5.289598500006472,7621525112.749778,418.18393646752395,2764269492502.482,0.6055662773915982,0.5488530102830879
2030.5,10.068459374896586,7425959096.302793,344.77518263360116,1569337408921.4553,0.2964853153310383,5.372507138575334,7651116576.425805,417.0381718417112,2786917681114.78,0.6014298909570372,0.5431740615736272
2031.0,10.178239141511765,7415752621.214748,340.0348094961782,1538353170402.9846,0.29296114576034316,5.4564081068287225,7680382363.91025,415.9215419364546,2807647940305.227,0.5973019061831586,0.5374656444081812
2031.5,10.281250761252078,7404837549.888244,335.3901744123176,1507857953564.0117,0.2895679393193767,5.54128654674543,7709229340.281433,414.79290607408325,2827251965549.965,0.5931814784077247,0.5317317364134381
2032.0,10.376968998462695,7393198557.679228,330.80881408474585,1477879210558.54,0.2863032376699839,5.627127365071847,7737619273.982666,413.63877930673664,2845957165221.97,0.589068210560224,0.5259747784135181
2032.5,10.464898464479358,7380815976.017625,326.2855369511841,1448425609754.537,0.283162744347547,5.713915603365574,7765531203.692223,412.4548618942911,2863338648680.406,0.5849621091875604,0.5201941867237939
2033.0,10.54458104005396,7367357214.0478,321.8158521761228,1419087325584.9417,0.2800848399268186,5.801636910557081,7792925890.239733,411.2348198307744,2879338097486.06,0.5808634338747722,0.5143885520069945
2033.5,10.615602162688413,7352819696.326033,317.4165238326862,1389903736061.7917,0.2770692793599506,5.890277839507776,7819767449.98485,409.9751690495296,2893913474043.1543,0.5767729020817661,0.508556325026442
2034.0,10.677595897104531,7337212931.203794,313.1058272416499,1360911517637.6643,0.2741157339208193,5.979825964265653,7846023612.760761,408.6741447566855,2907041211914.0835,0.5726917123053784,0.502695844888141
2034.5,10.730252303408367,7320539596.962595,308.9026821352575,1332144815932.7478,0.27122379694583926,6.070269838865456,7871665957.125397,407.33109809338134,2916530031688.8423,0.5686215630397183,0.4968053737621855
2035.0,10.773322043895353,7302662169.170536,304.8312736202888,1303635354074.9763,0.2683929892119822,6.161598784212467,7896563083.005094,405.9226912988684,2922662997728.386,0.5645636708785795,0.4908870936411157
2035.5,10.806618740880612,7283628788.040124,300.90664408289496,1275412656192.0012,0.26562276408457286,6.253802516394961,7920618459.88192,404.43983657800544,2927293257501.9434,0.5605199794554779,0.4849426465480296
2036.0,10.830019528750883,7263493922.268518,297.1425938695352,1247503845321.3186,0.26291251219016487,6.34687064175374,7943840323.466257,402.8978659581291,2930273669659.5195,0.5564938306990688,0.4789703854603547
2036.5,10.843464176146975,7242317148.812434,293.55149395696924,1219933697062.3372,0.26026156651885707,6.440792017744168,7966227423.850076,401.3039023195071,2931377552319.312,0.5524889496227141,0.4729691126902716
2037.0,10.846953092971521,7220162027.61395,290.14422096571303,1192724692230.864,0.2576692074125996,6.5355538780733,7987766371.624233,399.6597626758589,2930996320939.494,0.5485093740255085,0.4669385063232673
2037.5,10.840544482826525,7197095083.8548155,286.93146428228,1165897074040.0745,0.25513466744160895,6.631140767577594,8008548963.820938,397.9666705183337,2929260384641.075,0.5445596737876772,0.46087829127638036
2038.0,10.82435085650932,7173185137.3903885,283.92186466664765,1139468959589.8406,0.2526571361592738,6.7275334520343595,8028618147.1019945,396.22788230027857,2926318050549.53,0.5406446910160488,0.4547884578500876
2038.5,10.798535084183005,7148502381.932065,281.1216158637854,1113456382960.512,0.2502357646201454,6.824707868796306,8047977301.70064,394.4485639883315,2922333977265.748,0.5367695391561554,0.448669266016539
2039.0,10.763306132114554,7123117486.185771,278.5357357577484,1087873333679.6168,0.24786966980635433,6.922634138213452,8066633875.235029,392.63384928904713,2917486918043.4146,0.5329395879721214,0.4425212437873922
2039.5,10.718914603604818,7097101009.621792,276.1681185615574,1062731848387.6621,0.24555793897228514,7.021275679005736,8084599078.689191,390.789043421371,2911966663396.6655,0.5291604038020777,0.43634518546569917
2040.0,10.665648181896012,7070522896.540424,274.0216078861442,1038042105700.245,0.24329963379446137,7.120588450866629,8101887891.310535,388.9196923974859,2905970859615.4604,0.5254376850211092,0.43014215479740175
2040.5,10.603827055025388,7043452044.264882,272.09808097150074,1013812523986.4752,0.24109379431984837,7.2205203361239825,8118518999.433232,387.03158754014356,2899850837332.2505,0.5217771932723857,0.42391349077763635
2041.0,10.533799388069186,7015955940.103266,270.39853791509086,990049861393.3483,0.2389394427063771,7.321010667177802,8134519596.516862,385.1323806061341,2897295703723.399,0.5181846892103631,0.41766090036530507
2041.5,10.45593689613282,6988100361.209408,268.9231918471452,966759317265.6337,0.23683558675091623,7.421989903544421,8150034942.953805,383.26754793092397,2902584558415.985,0.5146659618751931,0.4113934673363702
2042.0,10.370630561352138,6959949131.343573,267.6715573115515,943944634054.0616,0.23478122320172676,7.523379460512563,8165334383.755983,383.6543731211976,2907531445594.5347,0.5112252471592048,0.4051300362139131
2042.5,10.278286528700155,6931563928.624485,266.6425349621421,921608198820.8644,0.23277534085436188,7.625091688105446,8180644252.737393,383.8783213223207,2908985334779.8833,0.5078627570128172,0.3988716973293257
2043.0,10.179322208231296,6903004138.582073,263.62378881678535,899751143511.0122,0.23081692343186755,7.727029873858321,8195798712.198467,383.518384437731,2894984199208.1733,0.5045770404571994,0.39262518723327083
2043.5,10.074162605285574,6873958624.91579,260.86515316924596,878313066256.3192,0.22890495225190666,7.829088443652326,8210209334.909843,382.48832654335456,2881674019007.0684,0.5013612473898333,0.38642004473886066
2044.0,9.963236894914072,6844498595.142424,258.5780529188682,857299792921.4554,0.22703853698611198,7.931169813106162,8223893427.015286,380.98249216619394,2866877899698.219,0.49821579474789474,0.38026064511277236
2044.5,9.846975252212909,6814542994.976142,256.5452386662628,836721175081.045,0.22521677492615386,8.033196057139154,8236803823.806848,379.11629947557407,2850929759047.111,0.49514004093667524,0.37415034839741296
2045.0,9.725805946239987,6783881557.664346,254.6005226122265,816579556898.8815,0.22343874242910666,8.135113219952418,8248916341.034405,376.9782514873937,2834538742034.3413,0.49213345006471093,0.3680926846606467
2045.5,9.600153288122103,6752584882.937332,252.66775605638563,796872009890.3438,0.22170351087069654,8.236889587589356,8260237639.858956,374.61494703343277,2817643343746.9155,0.48919574836684393,0.36209030047966323
2046.0,9.470436026658064,6720700160.826857,250.74702252260352,777593244888.8633,0.22001015784967956,8.33851087235331,8270771603.282524,372.0433905757082,2800245796283.481,0.48632657423601716,0.3561460704798795
2046.5,9.337065894823565,6688272412.159662,248.86195908544005,758731588699.0961,0.21835777220429073,8.439974007779622,8280519351.264107,369.3038810228509,2782351067859.8384,0.4835255108556527,0.35026250712013984
2047.0,9.200446207123933,6655349970.712733,247.02565503084853,740203113922.1909,0.21674546757830518,8.541280693279289,8289483271.169906,366.4261431958128,2763971889651.751,0.4807920911978359,0.3444424072771064
2047.5,9.060970427596864,6621972469.397235,245.24103285483335,722103289919.6921,0.21517253596122052,8.642431421622438,8297666712.470394,363.43331703191956,2745127409770.1562,0.47812580169502544,0.3386890206558558
2048.0,8.919020758935956,6588191689.863844,243.51543863273005,704426368364.9546,0.21363806647014116,8.743420383893865,8305073964.36441,360.2894790991619,2725840058382.259,0.4755260856826241,0.33300559552049036
2048.5,8.774966824856332,6554058613.592245,241.85297110808233,687166208075.1688,0.21214116043736564,8.844231413883652,8311703346.883975,356.9777765385687,2707223876967.116,0.47303280287471383,0.3273952106282574
2049.0,8.62916447698227,6519622612.095779,240.2557724365185,670316321715.6061,0.2106809322452059,8.94483498368058,8317587232.730258,353.6312939436087,2688720218706.3306,0.4706620949770834,0.32185876911673655
2049.5,8.481954760275514,6484931015.080194,238.72476142013406,653869931580.9113,0.20925651006156024,9.045186187389952,8322535238.204732,350.26447393375224,2669957186145.9263,0.46841234578740537,0.3163997559581879
2050.0,8.333663052668035,6450028891.695311,237.26006084329785,637820024283.339,0.20786703645695082,9.14522185009266,8326465474.586358,346.88493542851364,2651015974840.277,0.4662826774911646,0.3110202697170542
2050.5,8.18459838366682,6414958954.33355,235.86125473886034,622159400406.4369,0.20651166890534872,9.244858344911687,8329391331.563868,343.4987933871627,2631910770649.979,0.4642719953547107,0.30572147855283616
2051.0,8.035052929811743,6379761534.49427,234.52754953074842,606880718071.3334,0.20518958017948505,9.343990912570398,8331326876.0495825,340.1129102918693,2612665226326.7856,0.4623791595103274,0.3005050505030105
2051.5,7.88530168041736,6344474602.050221,233.25787968567343,591976530611.4452,0.20389995865358346,9.442494104312882,8332287552.276823,336.73433965623894,2600539954799.1543,0.4606029683462849,0.2953724081416046
2052.0,7.735602264108849,6309133811.269004,232.05098044211258,577439319013.7997,0.20264200852603415,9.540223040961013,8332563756.3584385,333.42335895478993,2587803863977.934,0.45892573485501936,0.2903114823117376
2052.5,7.586194924740466,6273453567.374849,230.91718153126118,563261519886.8119,0.2014149499731298,9.637015222253508,8332128211.440771,330.1625945016974,2574894966078.3657,0.45734770665584995,0.28532152461211496
2053.0,7.437302634045247,6237369682.789087,229.85762893757806,549435673660.0459,0.20021801924337035,9.732692697030537,8330974667.8448715,326.94662389491145,2561817016617.437,0.4558682232720213,0.2804034212861426
2053.5,7.289131327614287,6200893035.93931,228.87074675651945,535954326122.77783,0.19905046843684276,9.827065408562717,8329100384.61426,323.77387825104375,2548593855394.612,0.45448669775811884,0.275557791282286
2054.0,7.141870250422122,6163833181.626831,227.9626260796009,522810022204.1565,0.19791156549383188,9.919934882568366,8326506964.964395,320.6450815520357,2535242586350.036,0.45320257172535006,0.2707848562601865
2054.5,6.995692398022779,6126431115.518563,227.12298969379836,509949398458.71124,0.19680059419664805,10.011097820213857,8323199827.234366,317.56215053385745,2521779308163.9917,0.4520153307747448,0.26608448871104945
2055.0,6.8507550387038485,6088762116.516266,226.34540275754586,497391636639.21515,0.1957169517249233,10.100349394587454,8319186349.266462,314.5100565160941,2508218711894.4746,0.4509245054174007,0.261456287666886
2055.5,6.707200302707798,6050888846.582359,225.63069189256964,485145946009.03076,0.19465999449706495,10.187486158734426,8314464522.527413,311.3728929498061,2494572526758.6143,0.4499296717958519,0.25689965047887037
2056.0,6.565155825681105,6012877427.498461,224.9606795912104,473205610106.8881,0.19362905936179575,10.272308536241333,8309009909.8887205,308.1851583443803,2480839214381.7446,0.4490304549629932,0.2524137493132429
2056.5,6.424735427747576,5974781187.916122,224.33166815609553,461563713453.30396,0.1926234974403186,10.354622901268373,8302810702.451789,304.97384925068684,2467016399639.6445,0.44822655466088407,0.24799565652180353
2057.0,6.286039820028306,5936658982.984656,223.745795685463,450213378527.7544,0.19164267454923034,10.43424327444652,8295873202.973957,301.77079386060046,2453096140242.1943,0.447517740440827,0.24363986600473334
2057.5,6.149157336681271,5898561934.647457,223.20387169701291,439147853170.7446,0.19068597111985885,10.510992677491481,8288210764.015514,298.58939781827087,2439088666429.463,0.4469038553212639,0.23934566525707254
2058.0,6.014164680017236,5860532947.184789,222.70598372712797,428360493655.5454,0.18975278193187103,10.584704260816915,8279840408.399367,295.4410052808187,2427767398802.917,0.44638476777262676,0.2351108012629537
2058.5,5.881127671157099,5822612184.417295,221.4814504687688,417844758022.3213,0.188842515882853,10.655222279152767,8270892524.152739,292.35432693833343,2419678127827.731,0.4459528414597281,0.23093378101724335
2059.0,5.750102000289308,5784371531.448431,220.25602856969812,407584944247.6954,0.18795459577205556,10.722402821676692,8261510032.746293,289.3533400479235,2410730013612.028,0.4455975517471739,0.226823315397828
2059.5,5.6211339696952685,5745678542.589773,219.1824286763797,397575039839.47125,0.1870884777655292,10.786114349409539,8251659849.343881,286.42761112154,2401440905026.765,0.4453177900326359,0.222778260742608
2060.0,5.494261222845979,5706665166.591582,218.20846536854765,387810894587.312,0.18624363080587034,10.846238365340431,8241337155.322152,283.61246854278346,2391635272434.2573,0.44511140018521594,0.21879669354890954
2060.5,5.36951345353382,5667425707.504321,217.3048413088798,378287687377.6451,0.1854195326548723,10.902670301244061,8230542171.748798,280.9222944553784,2381267489919.206,0.44497674503069046,0.21487748558498918
2061.0,5.246913177591167,5628032287.025146,216.45492844372845,369000272919.895,0.1846156713191948,10.955320482291748,8219281018.520763,278.33709719262896,2370396807130.476,0.44491239802239585,0.2110197030861616
2061.5,5.126476507265718,5588543401.823832,215.64914101299516,359943370218.617,0.18383154573924002,11.004114930227372,8207562200.661742,275.84655283838464,2358795871622.1953,0.44491239802239585,0.207222367505057
2062.0,5.008213874157512,5549008709.188131,214.88182016839846,351111665791.30505,0.18306666607752545,11.048996247527512,8195385766.662743,273.4435859127941,2343047773722.072,0.44491239802239585,0.20348496991788353
2062.5,4.892130679590546,5509471740.1435,214.14950137358937,342499870660.4366,0.18232055378771894,11.089924562200448,8182613126.74444,271.09692264229574,2326991352115.68,0.44491239802239585,0.19981326909198938
2063.0,4.7782278682742945,5469971467.135573,213.44994746342314,334102752114.6077,0.1815927415625655,11.126878352820757,8169281468.469385,268.8193423106149,2310653587444.6504,0.44491239802239585,0.19620611236878518
2063.5,4.666502429382263,5430543234.959064,212.7816077884119,325915151595.5721,0.18088277321432197,11.159857459093326,8155346038.658297,266.62187997020067,2294062652371.2573,0.44491239802239585,0.19266234741432356
2064.0,4.5569478327389366,5391219335.495212,212.14331550186503,317931994886.07916,0.18019020351718137,11.18888439737499,8140827714.7516575,264.51048766985423,2277249040821.971,0.44491239802239585,0.1891814594520719
2064.5,4.449554408875157,5352029381.746307,211.53411841940505,310148297972.33997,0.17951459802804845,11.21400404761845,8125766119.844372,262.4887149458609,2260240331734.6123,0.44491239802239585,0.18576204444833191
2065.0,4.344309681508348,5313000567.722362,210.95318498910433,302559170433.47217,0.17885553289485723,11.235282254037246,8110199941.079185,260.5589028080738,2243063716400.1753,0.44491239802239585,0.18240280132364672
2065.5,4.241198660202611,5274157862.557054,210.39975254770945,295159817380.26447,0.1782125946576861,11.252803716282479,8094166868.149115,258.72251479383306,2225746188231.269,0.44491239802239585,0.1791026726958328
2066.0,4.140204099931987,5235524165.989399,209.87309936423915,287945540511.0819,0.17758538004575303,11.266669471857622,8077703583.645819,256.9803449426623,2208313670991.063,0.44491239802239585,0.17586059114010863
2066.5,4.041306733204188,5197120440.4806185,209.3725300143234,280911738603.0173,0.17697349577216695,11.276994169298,8060845734.257163,255.33264563844156,2190790945511.8125,0.44491239802239585,0.17267548257402052
2067.0,3.944485479400858,5158965828.580694,208.89736816242777,274053907618.8462,0.17637655832763555,11.283903274635671,8043627909.009785,253.77921499373886,2173214083210.7249,0.44491239802239585,0.16955068505735496
2067.5,3.849717635099479,5121077760.4152565,208.44695339485594,267367640534.40567,0.1757941937739455,11.287530319264095,8026084175.398403,252.31955720873444,2155607053634.0593,0.44491239802239585,0.16648573629104474
2068.0,3.756979048376698,5083472054.052038,208.02064020329237,260848626949.0382,0.17522603753780988,11.288014266536521,8008247524.24098,250.9528138364008,2137990888560.1218,0.44491239802239585,0.16347956461354443
2068.5,3.6662442794525507,5046163010.314221,207.61779804810638,254492652518.4808,0.1746717342055432,11.285496968927026,7990149774.4303665,249.67780446431146,2120385307124.177,0.44491239802239585,0.16053106297216538
2069.0,3.5774867495107587,5009163502.935299,207.23781190374436,248295598236.6659,0.17413093731894141,11.280120850586226,7971821567.665064,248.493076588171,2102808806678.1602,0.44491239802239585,0.1576391209481946
2069.5,3.4906788791092773,4972485064.571905,206.88008295852617,242253439585.68234,0.17360330917268849,11.272026848441927,7953292378.460606,247.3969491907245,2085278678145.8943,0.44491239802239585,0.1548026264444618
2070.0,3.405792217263533,4936137968.980099,206.54402929502305,236362245569.05588,0.1730885206135689,11.261352619397153,7934590494.036099,246.38755270985857,2067811027403.051,0.44491239802239585,0.1520204665144196
2070.5,3.322797562028484,4900131309.544676,206.22908646450279,230618177641.12534,0.17258625084173468,11.248231012578207,7915743016.146337,245.45832646914715,2050420804017.3801,0.44491239802239585,0.1492915283322787
2071.0,3.2416650732118164,4864473074.289213,205.9347079180168,225017488543.83383,0.17209618721424727,11.232788799798108,7896774857.423485,244.6073473364558,2033121075279.581,0.44491239802239585,0.1466146988244153
2071.5,3.1623643777075987,4829170217.463289,205.66036528384817,219556521061.2805,0.17161802505109164,11.21514565316761,7877709810.411041,243.8338730956824,2015923881379.8525,0.44491239802239585,0.14398885841297987
2072.0,3.084864667837412,4794329385.322807,205.4012359808895,214231706701.65527,0.1711514674438364,11.19541335573071,7858570847.375453,243.13658393435838,1998840479239.9316,0.44491239802239585,0.141412880875193
2072.5,3.0091347930154284,4759969396.29796,205.15654079132656,209039531462.8136,0.1706962250670954,11.173695169049287,7839380028.079429,242.51380076739358,1981881279309.638,0.44491239802239585,0.13888563133129714
2073.0,2.9351433450078623,4726082954.418526,204.92649050025778,203976567858.0679,0.1702520160627369,11.15008536138458,7820158452.355913,241.96362895967877,1965055862034.6533,0.44491239802239585,0.13640597905492857
2073.5,2.862858737029387,4692663250.4043455,204.71110581023854,199039480780.75757,0.16981856585603852,11.124668912439947,7800926243.803616,241.48405516437526,1948366053342.8987,0.44491239802239585,0.1339701423457832
2074.0,2.7922492769044758,4659703808.105399,204.5102947816082,194225023927.4454,0.16939560695937939,11.097521394828435,7781702215.017837,241.0729622644752,1931809897290.9768,0.44491239802239585,0.13157314016477278
2074.5,2.723283234715277,4627198381.751966,204.32389988114508,189530036877.25345,0.16898287878353357,11.068709022405605,7762504550.774904,240.72814754564664,1915394460616.2795,0.44491239802239585,0.12921372026045105
2075.0,2.6559289052183424,4595140886.347586,204.15172660245327,184951442568.8534,0.1685801274551694,11.03828889935586,7743350836.7353,240.44746470239025,1899126916627.428,0.44491239802239585,0.12689096986266807
2075.5,2.5901546651941567,4563525350.099884,203.99356087719877,180486245022.95294,0.1681871056397106,11.006309457029614,7724257809.73882,240.22885120835937,1883013394745.3625,0.44491239802239585,0.12460385344719993
2076.0,2.5259290258591713,4532345881.794602,203.84917964614965,176131527220.7214,0.16780357236903684,10.972810967717407,7705241366.676524,240.07033284063587,1867059263866.2239,0.44491239802239585,0.12235130154092538
2076.5,2.4632206804772205,4501596648.495305,203.71835724211869,171884449085.53647,0.16742929287369282,10.937826115210793,7686316590.454855,239.97003004847963,1851269367043.263,0.44491239802239585,0.12013228411060596
2077.0,2.4019985473317624,4471271860.501513,203.60086919991542,167742245537.2647,0.16706403841938605,10.901380613147145,7667497788.777796,239.79186264653285,1835647577637.0957,0.44491239802239585,0.11794561533212913
2077.5,2.342231808249162,4441365761.483118,203.4964944803087,163702224601.20468,0.16670758614761935,10.863493859955726,7648769954.558525,239.61097265702855,1820171352467.376,0.44491239802239585,0.11578774585059165
2078.0,2.2838899428895467,4411872622.346394,203.40501671345228,159761765561.46088,0.1663597189203418,10.824179618206138,7630133274.02673,239.48951801304986,1804836832991.0051,0.44491239802239585,0.1136578069083281
2078.5,2.226942759042535,4382796425.01345,203.32577542692428,155918317153.02316,0.1660202251685237,10.783446710787581,7611600884.881852,239.42091608819823,1789649541650.135,0.44491239802239585,0.11155496922367336
2079.0,2.1713604191794382,4354269219.243809,203.2521637724501,152169393178.7496,0.16568889874457352,10.741299767241538,7593184431.864539,239.40079432901595,1774613749094.555,0.44491239802239585,0.10947842204247699
2079.5,2.117113463521387,4326269726.783475,203.18512703795557,148512537183.95428,0.16536553878406868,10.697740019092974,7574894504.237428,239.4261774395203,1759732882984.5986,0.44491239802239585,0.10742737964028586
2080.0,2.064172829885012,4298778576.145551,203.12526995430628,144945366499.61563,0.16504994964255276,10.65276612364242,7556740913.751379,239.49498482684922,1743028084118.7332,0.44488148809104594,0.10540108158573974
2080.5,2.0125098705646693,4271777979.831693,203.07297975435952,141465568089.76834,0.1647419407387411,10.606374960829806,7538626145.945709,239.5818773833474,1725468993959.345,0.4448041660617943,0.10340239650807677
2081.0,1.9620963665199982,4245249400.1497097,203.0286035831691,138070895238.5131,0.16444132640655032,10.558562373716635,7520514486.52293,239.68171158339103,1708146298234.7559,0.44468216088520607,0.10143247148670363
2081.5,1.9129045393438775,4219122201.523605,202.99495400161933,134759165304.04309,0.16414792575416848,10.509325180919896,7502433497.175549,239.80389997563816,1683205813204.4844,0.44451475092145964,0.09949050466573868
2082.0,1.8649070612502896,4193386335.963472,202.97176085085474,131528270338.9681,0.1638615625278974,10.458663256803481,7483974865.70464,239.85945432152778,1638667717057.551,0.44431914724212684,0.09759000109810974
2082.5,1.8180770632151957,4168032146.054887,202.95883154741924,128376158411.18127,0.1635820649534271,10.40658063934623,7464099304.473497,239.64565296538998,1599481010186.783,0.4441512121455657,0.09578140608573997
2083.0,1.772388141365406,4143044565.9108105,202.9563053924825,125300832367.30249,0.16330926561680334,10.353086009288582,7443256209.810759,239.3294123052941,1564738177949.6228,0.44403846886122256,0.09410702618713322
2083.5,1.7278143617022492,4118367227.334051,202.96639048580255,122300349849.52155,0.16304300134802283,10.29819174658367,7421799853.447503,239.00659514713513,1531209626267.0735,0.4439635502069683,0.09254983335903401
2084.0,1.6843302631720802,4094018998.7877192,202.9874908124826,119372831340.12267,0.1627831131045926,10.241908881431177,7399863612.249509,238.70075839406098,1499555095485.4724,0.4439213823410036,0.09110581986652366
2084.5,1.641910859187899,4069989267.898509,203.01964897272097,116516440070.95103,0.16252944583799483,10.184238985442258,7377603400.29291,238.43552924794795,1469441053462.9065,0.4439044766532706,0.08976927024019293
2085.0,1.6005316377515713,4046268322.207348,203.0628863025221,113729388634.56993,0.1622818484028441,10.12516878707332,7355062367.782198,238.22090316282126,1439888639105.9907,0.4438967613602478,0.08852630749573007
2085.5,1.5601685603343414,4022847267.333449,203.11720491800176,111009937449.46033,0.16204017345199564,10.064667047023702,7332090102.483688,238.07188110484,1408837203490.1917,0.44386487513033834,0.0873459004275506
2086.0,1.5207980596107031,3999717951.6324997,203.1825894255072,108356393292.60779,0.16180427733491554,10.002683581818449,7308604161.829556,237.995029990314,1379049817359.9724,0.4438118098877718,0.08623306862380214
2086.5,1.4823970362339949,3976873629.667667,203.2589709449206,105767107894.18182,0.16157401999916873,9.939150651957487,7284729331.087671,237.99286890882257,1350057906612.981,0.4437346907980555,0.08518664936153351
2087.0,1.4449428548206555,3954365845.274517,203.3433015038221,103240476435.38464,0.1613492648948936,9.873987163908675,7260535949.978601,237.99123287308592,1321928628714.398,0.44363166761028644,0.08420608677919952
2087.5,1.4084133392894724,3932183604.9717274,203.43591729926257,100774924310.60223,0.16112987888246838,9.807102532161979,7236084631.6275835,237.99602782515606,1294627269555.3767,0.44350077163445145,0.0832902877443186
2088.0,1.3727867676826917,3910316981.2162843,203.53702078161905,98368920543.81944,0.16091573216830835,9.738400578180848,7211429080.7256,238.01446682629037,1268130740007.9453,0.4433401325223004,0.0824378681688106
2088.5,1.3380418665778286,3888756940.106302,203.64672383635443,96020975982.71974,0.16070669821215275,9.667783302762585,7186618152.423244,238.05212911283115,1242516825014.5613,0.44314921399826723,0.08164717553611603
2089.0,1.3041578051835303,3867495207.1470375,203.76507599560753,93729641728.48131,0.16050265363818944,9.595154432228782,7161704617.871493,238.1144441293919,1217433234987.5486,0.4429290273611974,0.08091612199042726
2089.5,1.2711141892758766,3846524160.40285,203.8920830006093,91493507731.34409,0.16030347814951643,9.520422681408448,7136709634.091576,238.204818702353,1192157433202.6055,0.4426814486781162,0.08024103436718047
2090.0,1.238891055046222,3825836743.787595,204.02771912358264,89311201506.879,0.16010905444558732,9.443504634027775,7111594069.776756,238.31765661748713,1166867854820.5798,0.44241035928269257,0.07961616718521919
2090.5,1.20746886288867,3805426395.498517,204.17193543787786,87181386943.56764,0.1599192681423852,9.364327167283877,7086338509.190362,238.45060319527295,1141647572253.505,0.4421196877834817,0.07903580053579572
2091.0,1.1768284911358635,3785286988.091927,204.3246654453324,85102763182.24185,0.1597340076951301,9.282829437382098,7060933405.590015,238.60364185323894,1116602825329.3093,0.4418135380547208,0.07849472458668581
2091.5,1.1469512297449265,3765412777.699503,204.48582897038924,83074063554.26758,0.15955316432336783,9.19896439162993,7035380395.057403,238.7785106397048,1091844766882.7604,0.4414960633702516,0.07798822140841183
2092.0,1.1178187739347099,3745798360.5628443,204.65533490989986,81094054569.42972,0.159376631938315,9.112699769429055,7009691935.084797,238.9781322691333,1067487821187.0839,0.4411713782383325,0.07751209345492716
2092.5,1.0894132177773643,3726438635.5309153,204.83308322125987,79161534947.11012,0.15920430707235494,9.024018599530054,6983890872.561384,239.20621226995434,1043645965183.2594,0.4408434743869146,0.07706267203398239
2093.0,1.0617170477498288,3707328771.491337,205.0189663984889,77275334686.07938,0.15903608881059234,8.932919244828168,6957872210.389375,239.47166163253658,1020429060792.5547,0.44051614683959023,0.07663679265522007
2093.5,1.0347131362531137,3688464178.9384174,205.21287059983496,75434314169.3701,0.15887187872438444,8.839415068583735,6931586389.193741,239.78201473094876,997940209016.4526,0.4401929313658805,0.07623180074654833
2094.0,1.0083847351089203,3669840485.0486584,205.414676534695,73637363301.47392,0.1587115808067745,8.74353380506541,6905105702.969985,240.1409441078239,976273025269.3265,0.43987705233611574,0.0758455401120761
2094.5,0.9827154690440942,3651453511.7582116,205.62426018134866,71883400675.63753,0.15855510140975887,8.645316717987365,6878508993.277317,240.48877216368356,955509221598.7787,0.43957138215239344,0.07547632439137524
2095.0,0.9578512103900729,3633299256.4297757,205.84149338330258,70171372769.40916,0.15840234918332316,8.544817623621338,6851862616.07026,240.21272895613058,935714610621.3141,0.43927841240665544,0.07512290302076764
2095.5,0.9338005681074709,3615373860.219849,206.0660788652403,68500253166.8585,0.15825323501618818,8.442101845169974,6825067261.229734,240.05557191290862,916895582153.5068,0.4390002407267242,0.07478269962126032
2096.0,0.9104872130360452,3597673534.2724214,206.29771538006506,66869041484.70368,0.15810767197820857,8.33724515352939,6798232864.666477,239.99995928803085,899092357944.4991,0.43873865803755485,0.07445441068561995
2096.5,0.8878506281508446,3580194557.4970884,206.53618269079942,65276762684.60837,0.1579655752650536,8.230332737855042,6771463248.969719,240.03609534600298,882315820165.1422,0.43849504448425386,0.07413798448024203
2097.0,0.8658423740837513,3562933302.4581623,206.7813119489779,63722466561.82892,0.1578268621443488,8.121458282893052,6744855375.830649,240.15842526046873,869153298462.8937,0.43827040652697297,0.07382673839573217
2097.5,0.844423244347035,3545886247.8360243,207.03296614213127,62147256960.41103,0.1576914519029049,8.010723273261956,6718812146.148977,240.41037497844704,855870326101.0294,0.4380586223870221,0.07350326399144044
2098.0,0.8235610983680987,3528992646.2179418,207.28441514566762,60536066637.59726,0.15755938898186406,7.898236402187907,6693255731.904557,240.75411696412294,842561403401.7094,0.43786121925829147,0.0731482638815236
2098.5,0.803229210898865,3512182042.5485177,207.5299227672523,58955508276.61551,0.15743074984025915,7.784113158830255,6668124963.316009,241.16640366702305,829279733769.5685,0.4376794326690667,0.07276960106535107
2099.0,0.7834050148015693,3495458716.57307,207.77367877757112,57407321330.308525,0.15730546938517134,7.668476014723916,6643371260.1437435,241.63280010876335,816036698332.5397,0.43751432186923933,0.07236897124128316
2099.5,0.7640691358555325,3478828966.0145493,208.01877788170825,55892705724.762856,0.15718347882734446,7.551454879433645,6618953434.40226,242.1438843693134,802871855410.6348,0.4373668653399605,0.07194929762759733
2100.0,0.7452046466192029,3462300134.5199695,208.26750322954945,54412424779.39007,0.1570647068276793,7.433187015861946,6594841132.254072,242.69401175304722,789867104054.0195,0.4372379033907194,0.07151776249877252
